code,company,corpcode
000210,DL,00109693
004840,DRB동일,00118266
155660,DSR,00110608
078930,GS,00500254
001390,KG케미칼,00101220
025000,KPX케미칼,00191472
058860,KTis,00372873
011070,LG이노텍,00105961
037560,LG헬로비전,00222532
108670,LX하우시스,00759513
383800,LX홀딩스,01562589
023150,MH에탄올,00121534
035420,NAVER,00266961
010060,OCI,00148896
402340,SK스퀘어,01596425
096770,SK이노베이션,00631518
011810,STX,00138297
024070,WISCOM,00142865
011420,갤럭시아에스엠,00129554
002100,경농,00101433
012320,경동인베스트,00143527
007690,국도화학,00104388
005320,국동,00168331
014530,극동유화,00105156
090350,노루페인트,00583442
005250,녹십자홀딩스,00108135
353200,대덕전자,01478712
128820,대성산업,00828789
047040,대우건설,00124540
003090,대웅,00111810
000430,대원강업,00111847
145720,덴티움,00526599
000020,동화약품,00119195
336260,두산퓨얼셀,01412725
286940,롯데정보통신,01262032
008560,메리츠증권,00163682
017180,명문제약,00121039
012690,모나리자,00173102
204210,모두투어리츠,01035289
003850,보령제약,00123143
001270,부국증권,00123772
028050,삼성엔지니어링,00126308
005930,삼성전자,00126380
068290,삼성출판사,00423690
003230,삼양식품,00126955
003720,삼영화학공업,00127255
004380,삼익THK,00127802
010960,삼호개발,00128980
001290,상상인증권,00112059
136490,선진,00855093
004490,세방전지,00133858
016590,신대양제지,00135777
029530,신도리코,00135795
031430,신세계인터내셔날,00234412
293940,신한알파리츠,01276594
055550,신한지주,00382199
102280,쌍방울,00681142
003620,쌍용자동차,00138242
137310,에스디바이오센서,00854997
078520,에이블씨엔씨,00400857
012280,영화금속,00141413
007310,오뚜기,00141529
105840,우진,00173944
008600,윌비스,00104999
033270,유나이티드,00158963
023800,인지컨트롤스,00103510
129260,인터지스,00151368
013360,일성건설,00146232
081000,일진다이아,00508274
033240,자화전자,00146861
271980,제일약품,01236897
002620,제일파마홀딩스,00148443
001550,조비,00148948
001630,종근당홀딩스,00149354
071320,지역난방공사,00159698
272450,진에어,00653024
009070,케이씨티시,00103042
417310,코람코더원리츠,01180118
003070,코오롱글로벌,00152880
120110,코오롱인더,00795135
031820,콤텍시스템,00186559
020120,키다리스튜디오,00140131
004100,태양금속공업,00153755
214420,토니모리,00816544
168490,한국패러랠,00960641
009240,한샘,00161693
009180,한솔로지스틱스,00140946
002220,한일철강,00163196
009460,한창제지,00163761
088350,한화생명,00113058
009830,한화솔루션,00162461
000720,현대건설,00164478
004560,현대비앤지스틸,00125743
005380,현대자동차,00164742
001500,현대차증권,00137997
111110,호전실업,00226316
311690,CJ 바이오사이언스,01071041
050120,ES큐브,00175623
405350,IBKS제17호스팩,01591606
095340,ISC,00572905
067290,JW신약,00110431
024120,KB오토시스,00157539
060720,KH바텍,00378628
060370,KT서브마린,00225742
024940,PN풍년,00133557
036120,SCI평가정보,00260745
032540,TJ미디어,00201733
217730,강스템바이오텍,01025644
331520,교보9호스팩,01398151
043650,국순당,00256715
078130,국일제지,00104573
204020,그리티,00671978
019660,글로본,00159731
308100,까스텔바작,01181807
286750,나노브릭,01136001
137080,나래나노텍,00362122
094860,네오리진,00599106
311390,네오크레마,01219155
085910,네오티스,00447928
007390,네이처셀,00117276
054050,농우바이오,00176835
012340,뉴인텍,00105040
270870,뉴트리,01214248
340360,다보링크,01416642
032190,다우데이타,00238782
078140,대봉엘에스,00442826
290380,대유,00384948
290120,대유에이피,01182578
023910,대한약품,00113128
213420,덕산네오룩스,01061558
006620,동구바이오제약,00114686
099410,동방선기,00526678
203650,드림시큐리티,01038693
066900,디에이피,00303192
127120,디엔에이링크,00642541
033130,디지틀조선,00231442
294140,레몬,01011395
219420,링크제니시스,01109955
377480,마인즈랩,01297898
078160,메디포스트,00453929
250060,모비스,01165155
118990,모트렉스,00876908
328380,미래에셋대우스팩3호,01390399
214610,미코바이오메드,01049167
251120,바이오에프디엔씨,01160974
019010,베뉴지,00267906
337930,브랜드엑스코퍼레이션,01391103
365900,브이씨,01354740
146320,비씨엔씨,01301623
122350,삼기,00799177
023600,삼보판지,00125938
377630,삼성스팩4호,01528530
252990,샘씨엔에스,01199727
086710,선진뷰티사이언스,00132202
037350,성도이엔지,00216498
080470,성창오토텍,00486370
049180,셀루메드,00310156
208370,셀바스헬스케어,01047451
192440,슈피겐코리아,00917861
115570,스타플렉스,00405959
330730,스톤브릿지벤처스,01305249
013810,스페코,00136165
269620,시스웍,01188378
139050,시티랩스,00656021
344050,신영스팩6호,01419986
010280,쌍용정보통신,00138303
066790,씨씨에스,00249441
900120,씨케이에이치,00800084
246720,아스타,01157235
127710,아시아경제,00665676
339950,아이비김영,01414422
099190,아이센스,00550994
068940,아이씨케이,00308896
090150,아이윈,00365624
059100,아이컴포넌트,00407285
052460,아이크래프트,00405719
124500,아이티센,00620868
361570,알비더블유,01303029
096610,알에프세미,00516246
061040,알에프텍,00309831
347860,알체라,01405451
117670,알파홀딩스,00605124
310200,애니플러스,01335578
238090,앤디포스,00942131
174900,앱클론,00991191
102120,어보브반도체,00591441
065420,에스아이리소스,00120906
103230,에스앤더블류,00137012
095910,에스에너지,00585538
351320,에스에이티이엔지,01440153
056190,에스에프에이,00358271
043340,에쎈테크,00203209
187660,에이디엠코리아,01409022
200710,에이디테크놀로지,00657002
241840,에이스토리,00975290
045660,에이텍,00256502
224110,에이텍티앤,01099861
021080,에이티넘인베스트,00161462
950130,엑세스바이오,00956028
092870,엑시콘,00611736
317870,엔바이오니아,00964595
365590,엔에이치스팩18호,01505186
182400,엔케이맥스,00977650
138690,엘아이에스,00670085
058630,엠게임,00397058
065150,엠피대산,00390860
265560,영화테크,00659976
122640,예스티,00530556
080520,오디텍,00529815
049480,오픈베이스,00335076
109080,옵티시스,00660291
153710,옵티팜,00971726
382840,원준,01459212
095270,웨이브일렉트로,00526696
065950,웰크론,00362159
203450,유니온커뮤니티,00408266
241690,유니테크노,00531865
024800,유성티엔에스,00173999
054930,유신,00144650
367460,유안타제7호스팩,01504804
178780,유테크,00923826
179900,유티아이,00961774
054210,이랜텍,00206659
349720,이베스트스팩5호,01436336
047560,이스트소프트,00273420
066980,이엔코퍼레이션,00389998
123570,이엠넷,00616290
353810,이지바이오,01480568
033230,인성정보,00229021
064290,인텍플러스,00479787
115310,인포바인,00491415
333430,일승,01396676
049550,잉크테크,00261656
254120,자비스,01174038
234920,자이글,01020524
040420,정상제이엘에스,00287788
079370,제우스,00442570
033320,제이씨현시스템,00223513
322510,제이엘케이,01153293
094970,제이엠티,00533508
080220,제주반도체,00447487
034940,조아제약,00231831
036930,주성엔지니어링,00252135
051980,중앙디앤엠,00347716
263860,지니언스,00962223
119850,지엔씨에너지,00626464
219750,지티지웰니스,01031229
052300,초록뱀컴퍼니,00349811
071850,캐스텍코리아,00302582
223310,커머스마이너,01075126
342550,케이비제20호스팩,01418543
347140,케이프이에스제4호,01428249
042040,케이피엠테크,00206686
054410,케이피티유,00357607
274090,켄코아에어로스페이스,01158553
078940,코드네이처,00501970
082660,코스나인,00442455
069110,코스온,00402989
102940,코오롱생명과학,00525642
322780,코퍼스코리아,01364297
237880,클리오,00957735
139670,키네마스터,00535375
065130,탑엔지니어링,00366845
131970,테스나,00563545
200230,텔콘RF제약,00608802
045340,토탈소프트,00355089
105550,트루윈,00766106
290090,트윔,01217014
026150,특수건설,00186939
246710,티앤알바이오팹,01109937
043220,티에스넥스젠,00317487
104480,티케이케미칼,00693554
033540,파라텍,00105138
065690,파커스,00384762
225590,패션플랫폼,01101041
256630,포인트엔지니어링,01179608
141020,포티스,00812362
005670,푸드웰,00165103
371950,풍원정밀,00417167
377220,프롬바이오,01217865
032580,피델릭스,00189538
024850,피에스엠씨,00155586
319660,피에스케이,01365825
031980,피에스케이홀딩스,00208444
006140,피제이전자,00155735
161580,필옵틱스,00938721
341160,하나금융15호스팩,01416457
388220,하나금융19호스팩,01568875
221840,하이즈항공,00688358
039340,한국경제TV,00263371
222980,한국맥널티,00579139
025550,한국선재,00158015
409570,한국제10호스팩,01596665
070590,한솔인티큐브,00470829
078350,한양디지텍,00488989
386580,한화플러스제2호스팩,01572489
319400,현대무벡스,01358463
048410,현대바이오,00313649
052260,현대바이오랜드,00347062
039610,화성밸브,00217743
032860,휴먼엔,00205687
263920,휴온스블러썸,01185566
037440,희림,00236863
076340,관악산업,00321204
243870,굿센,00565215
244880,나눔테크,01117422
323350,다원넥스뷰,01344363
271850,다이오진,01163050
223220,로지스몬,01060735
067370,선바이오,00407036
103660,씨앗,00762377
270210,에스알바이오텍,01187458
276240,엘리비젼,01119651
221800,유투바이오,01026616
250030,진코스텍,01158632
136660,큐엠씨,00816696
336040,타스컴,01118139
309900,티티씨디펜스,01350638
097950,CJ제일제당,00635134
000590,CS홀딩스,00149026
069730,DSR제강,00151298
007700,F&F 홀딩스,00126487
007070,GS리테일,00140177
012630,HDC,00164636
096760,JW홀딩스,00632304
105560,KB금융,00688996
092220,KEC,00589127
016380,KG스틸,00115676
000040,KR모터스,00112378
058850,KTcs,00372882
229640,LS전선아시아,01093007
011790,SKC,00139889
210980,SK디앤디,00508344
035250,강원랜드,00255619
009450,경동나비엔,00101488
030610,교보증권,00113359
014280,금강공업,00105299
002990,금호건설,00106313
001210,금호전기,00106395
024110,기업은행,00149646
030210,다올투자증권,00156859
006370,대구백화점,00108977
117580,대성에너지,00787376
003220,대원제약,00111999
001070,대한방직,00112970
005880,대한해운,00113535
024900,덕양산업,00114154
170900,동아에스티,00956930
028100,동아지질,00178754
082640,동양생명,00117267
018500,동원금속,00118008
024090,디씨엠,00177199
003160,디아이,00118275
377190,디앤디플랫폼리츠,01475609
004000,롯데정밀화학,00157681
033920,무학,00121543
035150,백산,00122551
002760,보락,00123107
005180,빙그레,00124726
003960,사조대림,00109718
001470,삼부토건,00125974
021050,서원,00131197
007610,선도전기,00131939
002420,세기상사,00133618
004360,세방,00133812
058650,세아홀딩스,00377610
013000,세우글로벌,00134176
021820,세원정공,00134316
067830,세이브존I&C,00422895
336370,솔루스첨단소재,01412822
017550,수산중공업,00135111
006880,신송홀딩스,00136402
002700,신일전자,00173698
019170,신풍제약,00137359
015540,쎌마테라퓨틱스,00108065
090430,아모레퍼시픽,00583424
122900,아이마켓코리아,00360142
003560,아이에이치큐,00154426
036570,엔씨소프트,00261443
014440,영보화학,00140779
047400,유니온머티리얼,00369833
005950,이수화학,00145552
015020,이스타코,00134565
014990,인디에프,00106881
034590,인천도시가스,00145862
036420,제이콘텐트리,00203315
002600,조흥,00149345
323410,카카오뱅크,01133217
007810,코리아써키트,00152686
005420,코스모화학,00160302
071950,코아스,00210856
002020,코오롱,00152862
138490,코오롱플라스틱,00241005
192400,쿠쿠홀딩스,00132354
015590,큐로,00108746
259960,크래프톤,00760971
003240,태광산업,00153393
009410,태영건설,00153861
084870,티비에이치글로벌,00409672
003670,포스코케미칼,00155276
039130,하나투어,00269940
000080,하이트진로,00150244
071050,한국금융지주,00432102
006200,한국전자홀딩스,00159254
009540,한국조선해양,00164830
023350,한국종합기술,00159500
000970,한국주철관공업,00159573
161390,한국타이어앤테크놀로지,00937324
010100,한국프랜지공업,00160418
018880,한온시스템,00161125
009420,한올바이오파마,00162586
300720,한일시멘트,01319808
008770,호텔신라,00165680
378850,화승알앤에이,01532603
006060,화승인더스트리,00166227
000850,화천기공,00166519
016580,환인제약,00166573
004800,효성,00117188
298000,효성화학,01316236
000540,흥국화재,00103176
054620,APS홀딩스,00296078
013720,CBI,00151605
065770,CS,00303703
083660,CSA 코스믹,00406037
067630,HLB생명과학,00365590
036640,HRS,00230911
104200,NHN벅스,00645089
030190,NICE평가정보,00158325
950180,SNK,01338724
317240,TS트릴리온,01353024
094480,갤럭시아머니트리,00587457
098460,고영,00579999
035290,골드앤에스,00249502
014200,광림,00103635
006050,국영지앤엠,00104537
039860,나노엔텍,00230425
138610,나이벡,00767628
092730,네오팜,00551920
348210,넥스틴,01080252
217270,넵튠,01067808
194700,노바렉스,00811372
040160,누리플렉스,00269889
126870,뉴로스,00638539
144960,뉴파워프라즈마,00521390
104040,대성파인텍,00442905
045390,대아티아이,00318316
006580,대양제지,00111227
096350,대창솔루션,00177870
131220,대한과학,00608316
298540,더네이쳐홀딩스,01214743
005160,동국산업,00172680
088130,동아엘텍,00489243
013120,동원개발,00117966
217620,디딤,01068658
066670,디스플레이텍,00371740
214680,디알텍,01062867
092070,디엔에프,00569691
039840,디오,00115931
131180,딜리,00629212
315640,딥노이드,01344831
038390,레드캡투어,00261355
228850,레이언스,00899459
215100,로보로보,01063990
220630,맘스터치,01089855
005990,매일홀딩스,00120924
100590,머큐리,00364740
133750,메가엠디,00807555
014100,메디앙스,00267854
054180,메디콕스,00356839
059210,메타바이오메드,00317681
058110,멕아이씨에스,00270113
080160,모두투어,00456218
001810,무림SP,00121507
100790,미래에셋벤처투자,00340096
208710,바이오로그디바이스,01047707
008470,부스타,00124276
338220,뷰노,01344202
121800,비덴트,00693651
032850,비트컴퓨터,00231707
238200,비피도,01109070
014970,삼륭물산,00125488
225190,삼양옵틱스,00992543
002290,삼일기업공사,00127936
038500,삼표시멘트,00239639
046390,삼화네트웍스,00301112
027580,상보,00129615
091580,상신이디피,00480783
042940,상지카일룸,00232007
043710,서울리거,00305570
123420,선데이토즈,00815767
015750,성우하이텍,00132992
148150,세경하이테크,00913689
017510,세명전기,00133751
108860,셀바스AI,00666064
043100,솔고바이오,00220109
357780,솔브레인,01489648
236200,슈프리마,01124653
001000,신라섬유,00135999
333050,신한제6호스팩,01407158
160980,싸이맥스,00659161
099320,쎄트렉아이,00449254
352480,씨앤씨인터내셔널,01226410
352700,씨앤투스성진,00875237
013990,아가방컴퍼니,00138446
125210,아모그린텍,00611912
052710,아모텍,00298447
092040,아미코젠,00545734
159010,아스플로,00561732
101390,아이엠,00609634
262840,아이퀘스트,01146822
001540,안국약품,00139205
290740,액트로,01141942
060230,얍엑스,00363510
097780,에스맥,00562360
237690,에스티팜,00871833
230360,에코마케팅,01029394
086520,에코프로,00536541
073540,에프알텍,00442561
227950,엔투텍,01105621
323230,엠에프엠코리아,01384477
033310,엠투엔,00143226
007530,영신금속,00140858
036560,영풍정밀,00141389
036000,예림당,00259934
045060,오공,00220969
321820,와이더플래닛,01116502
019210,와이지-원,00139719
073560,우리손에프앤지,00413417
101170,우림피티에스,00567222
066590,우수AMS,00301422
030530,원익홀딩스,00216647
012620,원일특강,00143907
071460,위니아딤채,00300557
192390,윈하이텍,00910840
313760,윌링스,00863038
086390,유니테스트,00540447
367480,유안타제8호스팩,01504910
263770,유에스티,01196313
067920,이글루시큐리티,00364847
044960,이글벳,00145473
088390,이녹스,00494476
258610,이더블유케이,00961507
264850,이랜시스,01199189
351330,이삭엔지니어링,01135640
099750,이지케어텍,00490090
060150,인선이엔티,00375931
083640,인콘,00475976
048530,인트론바이오,00292434
039290,인포뱅크,00243757
110020,전진바이오팜,00632793
208140,정다운,01047415
022220,정산애강,00140061
045510,정원엔시스,00147772
225220,제놀루션,01062177
287410,제이시스메디칼,01267602
023440,제일제강,00148531
067000,조이시티,00397252
043610,지니뮤직,00223762
303030,지니틱스,01318933
388050,지투파워,01462605
278280,천보,00897752
293490,카카오게임즈,01137383
025880,케이씨피드,00101752
105330,케이엔더블유,00606664
046070,코다코,00295857
047770,코데즈컴바인,00329093
290510,코리아센터,00540340
190650,코리아에셋투자증권,00304915
049430,코메론,00152783
041960,코미팜,00187415
045970,코아시아,00271501
196450,코아시아옵틱스,01031502
056360,코위버,00360674
114120,크루셜텍,00618401
023160,태광,00153375
191420,테고사이언스,00926522
073640,테라사이언스,00373021
066700,테라젠이텍스,00249894
215480,토박스코리아,01064069
062860,티엘아이,00261887
043200,파루,00266934
208340,파멥신,00972293
150900,파수,00638487
368770,파이버프로,01513440
038950,파인디지털,00264732
091700,파트론,00490151
068050,팬엔터테인먼트,00397191
251970,펌텍코리아,00761059
093380,풍강,00155373
237820,플레이디,00862853
002230,피에스텍,00155638
137400,피엔티,00612294
376180,피코그램,00604028
087600,픽셀플러스,00495086
163730,핑거,01142075
332710,하나금융14호스팩,01395279
136480,하림,00857727
400840,하이제7호스팩,01586172
053300,한국정보인증,00306454
054040,한국컴퓨터,00303396
050540,한국코퍼레이션,00302078
047080,한빛소프트,00348292
007770,한일화학,00267979
086960,한컴MDS,00445841
090850,현대이지웰,00656951
053660,현진소재,00188715
011080,형지I&C,00142713
290270,휴네시온,01251577
090710,휴림로봇,00540429
189980,흥국에프엔비,00916516
343090,단디바이오,01413371
403360,라피치,01466832
238500,로보쓰리,01118643
233250,메디안디노스틱,01035942
225850,미애부,00866594
281310,바이오시네틱스,01186671
267810,앙츠,01187865
044990,에이치엔에스하이텍,00311216
279060,이노벡스,01353848
254160,제이엠멀티,01366824
308700,테크엔,01016886
258050,테크트랜스,01246742
327610,펨토바이오메드,01336735
282330,BGF리테일,01263022
138930,BNK금융지주,00858364
006360,GS건설,00120030
267250,HD현대,01205709
066570,LG전자,00401731
178920,PI첨단소재,00767460
034120,SBS,00130772
001380,SG글로벌,00152039
001770,SHD,00137809
034730,SK,00181712
018670,SK가스,00144164
068400,SK렌터카,00201450
395400,SK리츠,01535150
071970,STX중공업,00406046
037270,YG PLUS,00249247
002720,국제약품,00104722
001570,금양,00106119
073240,금호타이어,00481454
008350,남선알미늄,00107224
072710,농심홀딩스,00459871
058730,다스코,00353878
145210,다이나믹디자인,00453488
006650,대한유화,00260383
192080,더블유게임즈,01010110
026960,동서,00144395
102260,동성케미컬,00679314
001520,동양,00117337
008970,동양철관,00117629
049770,동원F&B,00340917
014820,동원시스템즈,00132637
002690,동일제강,00118451
013570,디와이,00117179
002270,롯데푸드,00120508
027740,마니커,00204208
088980,맥쿼리인프라,00435297
138040,메리츠금융지주,00860332
090370,메타랩스,00442835
009680,모토닉,00151128
085620,미래에셋생명,00112332
134380,미원화학,00855163
002410,범양건영,00122694
096300,베트남개발1,00626710
207940,삼성바이오로직스,00877059
016360,삼성증권,00104856
029780,삼성카드,00126292
000070,삼양홀딩스,00126937
002810,삼영무역,00127167
000520,삼일제약,00128032
009770,삼정펄프,00128227
248170,샘표식품,01167056
200880,서연이화,01036446
003080,성보화학,00132725
306200,세아제강,01325979
012600,센트럴인사이트,00151863
004430,송원산업,00134963
011930,신성이엔지,00136271
031440,신세계푸드,00274933
404990,신한서부티엔디리츠,01436558
003410,쌍용씨앤이,00138224
004920,씨아이테크,00127158
010780,아이에스동서,00115977
139990,아주스틸,00486705
018250,애경산업,00139454
161000,애경케미칼,00936787
007460,에이프로젠 MED,00152385
181710,엔에이치엔,00983271
097520,엠씨넥스,00564562
006980,우성,00142661
011330,유니켐,00137207
003460,유화증권,00145190
025820,이구산업,00145464
214320,이노션,00565154
139480,이마트,00872984
000230,일동홀딩스,00146083
003120,일성신약,00146214
194370,제이에스코퍼레이션,00332927
025620,제이준코스메틱,00136776
063160,종근당바이오,00390055
035000,지투알,00140168
088790,진도,00557933
051630,진양화학,00347734
029460,케이씨,00209780
145270,케이탑리츠,00861076
005070,코스모신소재,00129989
007980,태평양물산,00154329
078000,텔코웨어,00361488
363280,티와이홀딩스,01497869
036580,팜스코,00260408
071090,하이스틸,00435312
019490,하이트론씨스템즈,00156150
002200,한국수출포장공업,00158112
000240,한국앤컴퍼니,00160047
123890,한국자산신탁,00404701
015760,한국전력공사,00159193
025890,한국주강,00159564
047810,한국항공우주,00309503
004150,한솔홀딩스,00171636
011700,한신기계공업,00162072
012450,한화에어로스페이스,00126566
101530,해태제과식품,00428321
086280,현대글로비스,00360595
329180,현대중공업,01390344
126560,현대퓨처넷,00403632
094280,효성 ITX,00414850
005870,휴니드테크놀러지스,00111421
021320,KCC건설,00105466
036670,KCI,00265041
151860,KG ETS,00366137
160550,NEW,00974927
950110,SBI핀테크솔루션즈,00938688
184230,SGA솔루션즈,00988364
192410,THQ,00623184
073570,WI,00440712
052220,iMBC,00370006
078890,가온미디어,00441304
114190,강원에너지,00100601
053950,경남제약,00307028
198440,고려시멘트,01032583
014570,고려제약,00103015
060480,국일신동,00203847
307750,국전약품,01329957
049080,기가레인,00377018
187790,나노,00994994
121600,나노신소재,00439965
190510,나무가,00819374
267320,나인테크,01208849
111710,남화산업,00245694
091590,남화토건,00108001
089140,넥스턴바이오,00416414
137940,넥스트아이,00614593
278650,노터스,01189438
065560,녹원씨엔아이,00393469
039560,다산네트웍스,00268251
007720,대명소노시즌,00104810
036480,대성미생물,00177320
005710,대원산업,00111874
299170,더블유에스아이,01318261
067990,도이치모터스,00449379
086450,동국제약,00114808
032960,동일기연,00199076
073190,듀오백,00407771
131030,디에이치피코리아,00831428
180400,디엑스앤브이엑스,00995993
043360,디지아이,00295547
068930,디지털대성,00398808
105740,디케이락,00533003
200350,래몽래인,00990819
141080,레고켐바이오,00842619
060300,레드로버,00364795
090360,로보스타,00536523
038060,루멘스,00406329
019570,리더스 기술투자,00110750
012700,리드코프,00117708
049950,미래컴퍼니,00447760
222160,바이옵트로,01037542
323990,박셀바이오,01335851
177350,베셀,00813389
250000,보라티알,01124680
099390,브레인즈컴퍼니,00642897
018290,브이티지엠피,00150165
138580,비즈니스온,01014657
307870,비투엔,01326792
018310,삼목에스폼,00125646
054090,삼진엘앤디,00239514
024950,삼천리자전거,00128607
017480,삼현철강,00128926
079650,서산,00130408
189860,서전기전,00869272
122690,서진오토모티브,00800145
171090,선익시스템,00327819
043260,성호전자,00317210
052190,세영디앤씨,00347877
100700,세운메디칼,00362201
258830,세종메디칼,00959229
036630,세종텔레콤,00268002
131100,스카이이앤엠,00814786
253450,스튜디오드래곤,01168684
020710,시공테크,00170026
131090,시큐브,00402110
290520,신도기연,00961570
226330,신테카바이오,01344336
222420,쎄노텍,01091054
101240,씨큐브,00520610
260930,씨티케이,01144028
357580,아모센스,01012987
332370,아이디피,01213586
289010,아이스크림에듀,00983934
040910,아이씨디,00298377
031310,아이즈비전,00200910
032080,아즈텍WB,00201131
013310,아진산업,00139083
085810,알티캐스트,00364254
196300,애니젠,00808086
238120,얼라인드,01073678
270660,에브리봇,01201590
260970,에스앤디,00560849
306040,에스제이그룹,01222432
234300,에스트래픽,01014055
054630,에이디칩스,00356927
096690,에이루트,00608839
298380,에이비엘바이오,01256864
003800,에이스침대,00140052
205100,엑셈,01042085
208860,엔지스테크널러지,01084364
183490,엔지켐생명과학,00606886
069410,엔텔스,00415707
096870,엘디티,00540571
061970,엘비세미콘,00412348
060850,영림원소프트랩,00532129
048260,오스템임플란트,00341916
067170,오텍,00397289
273060,와이즈버즈,01236532
082850,우리바이오,00369107
008370,원풍,00144012
069080,웹젠,00405320
044340,위닉스,00293886
112040,위메이드,00444329
101730,위메이드맥스,00643656
089850,유비벨록스,00592653
264450,유비쿼스,01203376
078070,유비쿼스홀딩스,00411385
049520,유아이엘,00256380
388800,유진스팩7호,01569838
413630,유진스팩8호,01601222
084370,유진테크,00531014
263050,유틸렉스,01110678
039020,이건홀딩스,00184889
073490,이노와이어리스,00462121
053350,이니텍,00353610
115610,이미지스,00694942
024810,이화전기,00145738
041830,인바디,00269922
277410,인산가,01243161
037330,인지디스플레,00265421
150840,인트로메딕,00661157
289220,자이언트스텝,01264438
049630,재영솔루텍,00147082
089790,제이티,00365457
038010,제일테크노스,00148595
033340,좋은사람들,00205003
086060,진바이오텍,00491053
036890,진성티이씨,00174208
047820,초록뱀미디어,00299464
317530,캐리소프트,01267222
050110,캠시스,00330044
063080,컴투스홀딩스,00535746
214370,케어젠,00549891
330990,케이비제19호스팩,01393299
024880,케이피에프,00157636
224060,코디엠,00530413
222040,코스맥스엔비티,00656289
241710,코스메카코리아,00763473
121850,코이즈,00807397
126600,코프라,00599595
294570,쿠콘,01311055
214150,클래시스,01061327
053620,태양,00186717
124560,태웅로직스,00562245
051360,토비스,00390365
033830,티비씨,00204642
356860,티엘비,00920379
046210,파나진,00172079
177830,파버나인,00429694
370090,퓨런티어,01357446
203690,프로스테믹스,01036367
321260,프로이천,01359736
053610,프로텍,00325112
367000,플래티어,01454341
241820,피씨엘,01051092
343510,하나금융16호스팩,01419384
340120,하이제5호스팩,01414370
017890,한국알콜,00158565
025770,한국정보통신,00159342
023760,한국캐피탈,00149594
046110,한일네트웍스,00277736
024740,한일단조,00162832
076610,해성옵틱스,00483735
092300,현우산업,00367455
112190,KC산업,00366517
260870,SK시그넷,01188730
317860,노드메이슨,01328170
092590,럭스피아,00578325
322970,무진메디,01293388
245450,씨앤에스링크,01116380
086460,에스엔피제네틱스,00548519
217910,에스제이켐,01139497
270020,이십일스토어,01183407
116100,태양기계,00442631
107640,한중엔시에스,00474588
095570,AJ네트웍스,00365387
000120,CJ대한통운,00113410
001880,DL건설,00128971
365550,ESR켄달스퀘어리츠,01437186
097230,HJ중공업,00633835
011200,HMM,00164645
092230,KPX홀딩스,00587466
044450,KSS해운,00160232
051900,LG생활건강,00356370
051910,LG화학,00356361
079550,LIG넥스원,00503668
005940,NH투자증권,00120182
034310,NICE,00158316
008260,NI스틸,00116301
002360,SH에너지화학,00136457
001740,SK네트웍스,00131780
001510,SK증권,00131850
017670,SK텔레콤,00159023
100840,SNT에너지,00648721
012610,경인양행,00102113
009140,경인전자,00102140
339770,교촌에프앤비,00453284
092440,기신정기,00106614
013700,까뮤이앤씨,00129420
004370,농심,00108241
008060,대덕,00109189
008110,대동전자,00157104
005750,대림비앤코,00109754
009190,대양금속,00111111
069620,대웅제약,00427483
012800,대창,00112651
001440,대한전선,00113207
003490,대한항공,00113526
001230,동국제강,00114792
241560,두산밥캣,01032486
001530,디아이동일,00118345
092200,디아이씨,00112165
032350,롯데관광개발,00231372
005300,롯데칠성음료,00120571
011170,롯데케미칼,00165413
204320,만도,01042775
094800,맵스리얼티1,00600013
007120,미래아이앤지,00104786
396690,미래에셋글로벌리츠,01576102
155900,바다로19호,00910947
003000,부광약품,00123718
011390,부산산업,00124027
005030,부산주공,00124151
007160,사조산업,00124799
014710,사조씨푸드,00124780
001360,삼성제약,00126414
023000,삼원강재,00191588
004450,삼화왕관,00129235
007860,서연,00163114
019440,세아특수강,00133991
075580,세진중공업,00415628
068270,셀트리온,00413046
005390,신성통상,00136341
004770,써니전자,00138057
112610,씨에스윈드,00670340
002310,아세아제지,00138729
011090,에넥스,00139764
123700,에스제이엠,00815369
085310,엔케이,00172228
004250,엔피씨,00108038
010120,엘에스일렉트릭,00105855
111770,영원무역,00776820
009970,영원무역홀딩스,00140964
003520,영진약품,00141149
070960,용평리조트,00365989
118000,우리들휴브레인,00791209
017370,우신시스템,00142883
049800,우진플라임,00303217
014830,유니드,00159786
003470,유안타증권,00117601
001200,유진증권,00131054
008250,이건산업,00145446
102460,이연제약,00145598
006490,인스코비,00122825
006220,제주은행,00148832
004910,조광페인트,00148920
000480,조선내화,00148984
013870,지엠비코리아,00156354
002380,케이씨씨,00105271
344820,케이씨씨글라스,01428203
006890,태경케미컬,00109161
069260,티케이지휴켐스,00426086
001020,페이퍼코리아,00134723
009810,플레이그램,00103130
293480,하나제약,00248974
005430,한국공항,00156691
104700,한국철강,00687711
161890,한국콜마,00939331
053690,한미글로벌,00413523
010420,한솔피엔에스,00103626
004960,한신공영,00162063
001750,한양증권,00162416
002320,한진,00163512
003480,한진중공업홀딩스,00163673
000880,한화,00160588
267270,현대건설기계,01205842
042670,현대두산인프라코어,00344287
322000,현대에너지솔루션,01199550
267260,현대일렉트릭,01205851
004020,현대제철,00145880
013520,화승코퍼레이션,00166272
032560,황금에스티,00218575
298040,효성중공업,01316245
298050,효성첨단소재,01316254
241520,DSC인베스트먼트,01109715
037370,EG,00261054
083450,GST,00540863
297890,HB솔루션,00523936
195940,HK이노엔,01012066
335870,IBKS제12호스팩,01405585
099520,ITX-AI,00627029
318000,KBG,00876166
122450,KMH,00657987
099220,SDN,00574611
079940,가비아,00506294
036620,감성코퍼레이션,00261009
039240,경남스틸,00206039
011040,경동제약,00101549
366030,공구우먼,01307335
204620,글로벌텍스프리,01042711
151910,나노스,00653103
168330,내츄럴엔도텍,00923792
253590,네오셈,01170865
042420,네오위즈홀딩스,00266952
153460,네이블커뮤니케이션즈,00842585
065170,넥스트BT,00384717
085670,뉴프렉스,00493510
119860,다나와,00585608
025440,대성엘텍,00110583
397500,대신밸런스제11호스팩,01580178
108380,대양전기공업,00111193
003310,대주산업,00112457
317330,덕산테코피아,01021666
005290,동진쎄미켐,00118804
060570,드림어스컴퍼니,00364467
187870,디바이스이엔지,00624509
404950,디비금융스팩10호,01591262
263690,디알젬,00966168
171010,램테크놀러지,00654272
281740,레이크머티리얼즈,01255652
277810,레인보우로보틱스,01261644
067730,로지시스,00238199
042500,링네트,00352499
147760,마이크로프랜드,00654175
127160,매직마이크로,00806972
215200,메가스터디교육,01074862
235980,메드팩토,01336373
086900,메디톡스,00580199
021880,메이슨캐피탈,00136101
096640,멜파스,00609315
012860,모베이스전자,00137234
288980,모아데이타,01423837
006920,모헨즈,00163318
059090,미코,00366942
214180,민앤지,01013311
053030,바이넥스,00216027
301300,바이브컴퍼니,00403793
086040,바이오톡스텍,00447502
032980,바이온,00232089
206400,베노홀딩스,01043853
033560,블루콤,00238001
082800,비보존 헬스케어,00533191
083650,비에이치아이,00409788
357880,비트나인,01381984
143240,사람인에이치알,00857480
009300,삼아제약,00126788
032280,삼일,00127909
037460,삼지전자,00128315
101000,상상인인더스트리,00618410
089980,상아프론테크,00181299
042600,새로닉스,00147994
019770,서연탑메탈,00153278
046890,서울반도체,00130763
027040,서울전자통신,00130587
093920,서원인텍,00445799
065710,서호전기,00220622
011560,세보엠이씨,00133876
396300,세아메카닉스,00534701
234340,세틀뱅크,00763701
347000,센코,01023318
091990,셀트리온헬스케어,00554024
950200,소마젠,01442115
094840,슈프리마에이치큐,00599957
039670,스포츠서울,00298687
033170,시그네틱스,00158219
025320,시노펙스,00203023
366330,신한제7호스팩,01514528
222080,씨아이에스,01090471
264660,씨앤지하이테크,00605328
359090,씨엔알리서치,01487446
050860,아세아텍,00138747
154030,아시아종묘,00867478
227610,아우딘퓨쳐스,01080687
069920,아이에스이커머스,00426068
307180,아이엘사이언스,01326279
052770,아이톡시,00346911
140670,알에스오토메이션,00858124
123750,알톤스포츠,00821607
205500,액션스퀘어,01042429
217480,에스디생명공학,01099667
298060,에스씨엠생명과학,01110474
080000,에스엔유,00455981
041910,에스텍파마,00463342
088800,에이스테크,00556907
353060,에이치엠씨제5호스팩,01447244
089530,에이티세미콘,00458562
262260,에이프로,00604268
064090,에프앤리퍼블릭,00390408
036810,에프에스티,00223434
070300,엑스큐어,00683007
333620,엔시스,01310773
217820,엔에스,01020843
198080,엔피디,00876643
376190,엘비루셈,00527011
290650,엘앤씨바이오,01181515
083310,엘오티베큠,00484682
169330,엠브레인,00877174
347890,엠투아이,00670766
259630,엠플러스,00833064
053280,예스24,00362858
900300,오가닉티코스메틱,01169434
046120,오르비텍,00297989
226400,오스테오닉,01082348
353590,오토앤,01084294
309930,오하임아이엔티,01335453
082210,옵트론텍,00327396
232140,와이아이케이,01109539
065530,와이어블,00250137
332570,와이팜,01015160
072470,우리산업홀딩스,00359623
103840,우양,00486875
053080,원방테크,00304076
074600,원익QnC,00468374
064510,유네코,00127699
142210,유니트론텍,00879020
069330,유아이디,00400121
340930,유일에너테크,01368637
373340,유진스팩6호,01514519
065440,이루온,00390514
086890,이수앱지스,00526872
063760,이엘피,00374020
083470,이엠앤아이,00475718
160600,이큐셀,00818472
096040,이트론,00480756
035080,인터파크,00244561
068330,일신바이오,00385415
950140,잉글우드랩,01165739
217190,제너셈,00666204
122310,제노레이,00799539
159580,제로투세븐,00563837
033100,제룡전기,00185356
276730,제주맥주,01230255
082270,젬백스,00492894
208350,지란지교시큐리티,01047169
065060,지엔코,00258102
311320,지오엘리먼트,00668965
094850,참좋은여행,00606770
094360,칩스앤미디어,00579971
307930,컴퍼니케이,00598198
192250,케이사인,01003040
115500,케이씨에스,00441650
093320,케이아이엔엑스,00603348
217600,켐온,01070857
220260,켐트로스,01089350
089890,코세스,00365934
029960,코엔텍,00197476
033290,코웰패션,00155948
282880,코윈테크,01211232
182360,큐브엔터,00985686
110790,크리스에프앤씨,00522007
413600,키움제6호스팩,01616808
044490,태웅,00186799
089030,테크윙,00535676
117730,티로보틱스,00867098
034230,파라다이스,00171265
131760,파인텍,00820352
140860,파크시스템스,00244747
263750,펄어비스,01152470
087010,펩트론,00415868
022100,포스코 ICT,00155212
114630,폴라리스우노,00663669
123010,폴라리스웍스,00615723
023900,풍국주정,00155452
220100,퓨쳐켐,01053540
335810,프리시젼바이오,01137295
041590,플래스크,00297448
051380,피씨디렉트,00297934
239890,피엔에이치테크,01112889
347740,피엔케이피부임상연구센타,01290381
304840,피플바이오,01118281
067310,하나마이크론,00445054
166090,하나머티리얼즈,00660750
149980,하이로닉,00977641
106080,하이소닉,00542898
080720,한국유니온제약,00532855
005860,한일사료,00162911
059270,해성티피씨,00453442
900270,헝셩그룹,01160512
039010,현대에이치티,00255044
061250,화일약품,00188973
097870,효성오앤비,00367385
353190,휴럼,01453670
215090,휴센텍,01063884
145020,휴젤,00888347
227420,도부마스크,01109690
163430,디피코,01072518
266470,바이오인프라생명과학,01130885
210120,빅텐츠,00550082
217320,썬테크,00963000
236030,씨알푸드,01085187
149300,아퓨어스,00578130
251280,안지오랩,01115044
238170,엔에스엠,01011872
311060,엘에이티,01264234
084440,유비온,00531078
135160,지오씨,00657756
169670,코스텍시스템,00610861
217950,파마리서치바이오,01066058
006840,AK홀딩스,00125080
001040,CJ,00148540
016610,DB금융투자,00115694
139130,DGB금융지주,00878915
001940,KISCO홀딩스,00159740
034220,LG디스플레이,00105873
373220,LG에너지솔루션,01515323
006260,LS,00105952
001120,LX인터내셔널,00120076
338100,NH프라임리츠,01391033
010950,S-Oil,00138279
302440,SK바이오사이언스,01319899
285130,SK케미칼,01267170
000660,SK하이닉스,00164779
013580,계룡건설산업,00102432
010130,고려아연,00102858
000270,기아,00106641
003920,남양유업,00107598
025860,남해화학,00107987
002350,넥센타이어,00173874
006280,녹십자,00129679
001680,대상,00121941
016710,대성홀딩스,00108940
042660,대우조선해양,00111704
084010,대한제강,00113225
001790,대한제당,00113234
012510,더존비즈온,00172291
000150,두산,00117212
071840,롯데하이마트,00158307
001080,만호제강,00120872
005360,모나미,00121288
008420,문배철강,00121570
003650,미창석유공업,00122056
001340,백광산업,00122472
007210,벽산,00122898
026940,부국철강,00123781
002070,비비안,00107677
100220,비상교육,00520887
006660,삼성공조,00126201
032830,삼성생명,00126256
272550,삼양패키징,01060814
004440,삼일씨엔에스,00109806
009470,삼화전기,00129271
000390,삼화페인트공업,00129387
007540,샘표,00130091
008490,서흥,00131692
011300,성안,00132868
027970,세하,00133706
004970,신라교역,00135962
034300,신세계건설,00217947
005800,신영와코루,00136624
001720,신영증권,00136721
009270,신원,00136864
002870,신풍제지,00137368
183190,아세아시멘트,00990165
267850,아시아나IDT,00458234
005850,에스엘,00125521
298690,에어부산,00651901
900140,엘브이엠씨,00838500
271560,오리온,01238169
316140,우리금융지주,01350869
010600,웰바이오텍,00141273
000910,유니온,00144252
000100,유한양행,00145109
088260,이리츠코크렙,00544452
084680,이월드,00540605
103590,일진전기,00683469
030000,제일기획,00148276
001560,제일연마,00148461
004700,조광피혁,00148939
120030,조선선재,00796994
035720,카카오,00258801
109070,컨버즈,00753643
281820,케이씨텍,01261893
381970,케이카,01323032
003690,코리안리,00113191
284740,쿠쿠홈시스,01267684
264900,크라운제과,01205329
005740,크라운해태홀딩스,00153126
011280,태림포장,00153524
001420,태원물산,00154055
019180,티에이치엔,00118965
010820,퍼스텍,00148522
016800,퍼시스,00161709
004090,한국석유공업,00157991
034830,한국토지신탁,00233653
002390,한독,00161046
069640,한세엠케이,00357360
213500,한솔제지,01060744
014680,한솔케미칼,00140955
004710,한솔테크닉스,00157399
006390,한일현대시멘트,00164672
052690,한전기술,00159209
272210,한화시스템,00339391
195870,해성디에스,01032413
079430,현대리바트,00300548
069960,현대백화점,00428251
017800,현대엘리베이터,00164724
093240,형지엘리트,00441243
003010,혜인,00165343
079980,휴비스,00362238
060310,3S,00378363
051500,CJ프레시웨이,00127954
023460,CNH,00149266
367360,DB금융스팩9호,01505469
068790,DMS,00361594
079190,EMW,00479705
900290,GRT,01170962
028300,HLB,00199252
047920,HLB제약,00336817
115450,HLB테라퓨틱스,00552859
046440,KG모빌리언스,00405278
052900,KMH하이텍,00276834
108320,LX세미콘,00525934
046140,SBS콘텐츠허브,00280688
040610,SG&G,00264714
337450,SK5호스팩,01414361
289080,SV인베스트먼트,00599151
048770,TPC,00108649
246690,TS인베스트먼트,00778235
040300,YTN,00200275
051390,YW,00296263
900280,골든센츄리,01168143
397880,교보11호스팩,01582228
091970,나노캠텍,00542074
242040,나무기술,01136348
130580,나이스디앤비,00606293
036800,나이스정보통신,00264945
212560,네오오토,00876865
950220,네오이뮨텍,01511558
225570,넷게임즈,01096341
285490,노바텍,01259232
106520,노블엠앤비,00536329
332290,누보,01394669
060260,뉴보텍,00351375
214870,뉴지랩파마,00820389
064260,다날,00389970
020180,대신정보통신,00110875
048910,대원미디어,00351807
010170,대한광통신,00113261
021040,대호특수강,00166175
067080,대화제약,00210740
263600,덕우전자,00571298
194480,데브시스터즈,01008762
025950,동신건설,00116408
041930,동아화성,00199988
228340,동양파일,00993931
023790,동일철강,00172945
263720,디앤씨미디어,01186404
310870,디와이씨,01336443
079810,디이엔티,00445160
300120,라온피플,01251489
084650,랩지노믹스,00545114
900260,로스웰,01139266
302550,리메드,01275665
277070,린드먼아시아,00616962
222810,마이더스AI,01091382
038290,마크로젠,00261373
067280,멀티캠퍼스,00425351
101330,모베이스,00498001
033200,모아텍,00241209
207760,미스터블루,01047840
035620,바른손이앤에이,00259590
064550,바이오니아,00326731
314930,바이오다인,01117413
142760,바이오리더스,00587925
038460,바이오스마트,00240857
043150,바텍,00264255
267790,배럴,01182240
225530,보광산업,00568461
226340,본느,01098792
064480,브리지텍,00359076
288330,브릿지바이오,01227039
369370,블리츠웨이,01508855
086670,비엠티,00524786
053700,삼보모터스,00351092
009620,삼보산업,00125822
054540,삼영엠텍,00250614
032750,삼진,00173351
038540,상상인,00306162
263540,샘코,00971090
092190,서울바이오시스,00488402
063170,서울옥션,00410915
018680,서울제약,00131018
045300,성우테크론,00350482
268600,셀리버리,01182444
290690,소룩스,00605522
258790,소프트캠프,01182408
066910,손오공,00306870
084180,수성이노베이션,00243979
033790,스카이문스테크놀로지,00276083
204630,스튜디오산타클로스,01046203
065350,신성델타테크,00136226
393360,신한제8호스팩,01574760
056700,신화인터텍,00228350
257720,실리콘투,00982023
356890,싸이버원,01293953
217330,싸이토젠,01046391
376290,씨유테크,00575106
189330,씨이랩,00991298
123860,아나패스,00761952
136410,아셈스,00922304
078860,아이오케이,00543204
114810,아이원스,00625942
027360,아주IB투자,00156895
053800,안랩,00298270
131370,알서포트,00838962
293780,압타바이오,01251595
019990,에너토크,00169215
031330,에스에이엠티,00128661
058610,에스피지,00220686
195990,에이비프로바이오,00620558
227100,에이치앤비디자인,01207761
176440,에이치엔티,00872452
200470,에이팩트,00667425
109960,에이프로젠 H&G,00653194
089970,에이피티씨,00544577
230240,에치에프알,01108442
038870,에코바이오,00287812
128540,에코캡,00870481
064850,에프앤가이드,00331016
083500,에프엔에스테크,00476036
391060,엔에이치스팩20호,01573974
073110,엘엠에스,00494218
179290,엠아이텍,00531829
123040,엠에스오토텍,00259545
033160,엠케이전자,00121686
241790,오션브릿지,01113754
031510,오스템,00175173
138080,오이솔루션,00571483
244460,올리패스,01070149
155650,와이엠씨,00870861
251370,와이엠티,00602172
193250,와이제이엠게임즈,01035678
079000,와토스코리아,00455875
115440,우리넷,00664048
037400,우리조명,00155692
240810,원익IPS,01135941
348350,위드텍,00925587
065370,위세아이텍,00374738
036090,위지트,00258360
136540,윈스,00868705
320000,윈텍,01359815
018000,유니슨,00144243
011320,유니크,00147152
080010,이상네트웍스,00454399
900110,이스트아시아홀딩스,00799070
101360,이엔드디,00619640
294090,이오플로우,01274310
181340,이즈미디어,00861720
134060,이퓨쳐,00788737
001840,이화공영,00145668
017250,인터엠,00145914
071200,인피니트헬스케어,00435969
174880,장원테크,00659684
361390,제노코,01014718
058420,제이웨이,00359474
064800,젬백스링크,00392691
044060,조광ILI,00291860
239340,줌인터넷,01128622
072020,중앙백신,00415327
389030,지니너스,01494154
382480,지아이텍,01311310
363250,진시스템,01437858
016920,카스,00152260
042000,카페24,00260879
078340,컴투스,00476498
073010,케이에스피,00328191
052400,코나아이,00349732
009730,코센,00116426
052330,코텍,00305297
365270,큐라클,01397772
051780,큐로홀딩스,00296324
043590,크로바하이텍,00260611
900250,크리스탈신소재,01107665
045520,크린앤사이언스,00185222
352770,클리노믹스,01201970
079970,투비소프트,00596260
084730,팅크웨어,00438036
214450,파마리서치,00970453
032800,판타지오,00231691
027710,팜스토리,00192499
318020,포인트모바일,00962393
041020,폴라리스오피스,00269852
290720,푸드나무,01259311
057880,피에이치씨,00410739
043370,피에이치에이,00155151
128660,피제이메탈,00829380
406760,하나금융21호스팩,01593242
041460,한국전자인증,00361169
021650,한국큐빅,00160010
030520,한글과컴퓨터,00204262
256150,한독크린텍,01069736
043090,한창바이오텍,00351454
034810,해성산업,00219361
041440,현대에버다임,00228536
064240,홈캐스트,00385336
200670,휴메딕스,00614478
084110,휴온스글로벌,00228059
024060,흥구석유,00167004
278990,EMB,01117246
183410,골프존데카,00764807
086220,네추럴FNP,00523176
199150,데이터스트림즈,00553025
162120,루켄테크놀러지스,00886792
236340,메디젠휴먼케어,01023822
191600,블루탑,00611286
215050,비엔디생활건강,01055317
149010,아이케이세미콘,00861100
246250,에스엘에스바이오,01112700
224760,엔에스컴퍼니,00929228
093510,엔지브이아이,00521433
337840,유엑스엔,01396931
208850,이비테크,01116344
248020,젬,01169498
140290,청광건설,00599489
189350,코셋,00965062
303360,프로테옴텍,01267958
242350,피엔아이컴퍼니,00990563
027410,BGF,00219097
012030,DB,00163345
017940,E1,00165583
383220,F&F,01568413
234080,JW생명과학,00225706
009440,KC그린홀딩스,00159971
032640,LG유플러스,00231363
000680,LS네트웍스,00104698
400760,NH올원리츠,01480780
005090,SGC에너지,00125150
006120,SK디스커버리,00131832
003570,SNT중공업,00134477
036530,SNT홀딩스,00225159
005610,SPC삼립,00125530
077970,STX엔진,00480455
267290,경동도시가스,01208885
000050,경방,00101628
002240,고려제강,00103006
009290,광동제약,00103592
037710,광주신세계,00220561
001140,국보,00104519
008870,금비,00168401
011780,금호석유화학,00106368
006570,대림통상,00109824
003540,대신증권,00110893
014160,대영포장,00111458
006340,대원전선,00260392
024890,대원화성,00112022
002880,대유에이텍,00149804
004830,덕성,00114093
002150,도화엔지니어링,00114552
004140,동방,00115287
007590,동방아그로,00115384
005960,동부건설,00115612
002210,동성제약,00116268
282690,동아타이어,01262458
084670,동양고속,00540641
030720,동원수산,00118044
007340,디티알오토모티브,00116949
000060,메리츠화재,00117744
268280,미원에스씨,01234297
018260,삼성에스디에스,00126186
010140,삼성중공업,00126478
145990,삼양사,00896285
002450,삼익악기,00127857
004690,삼천리,00128555
004410,서울식품공업,00130879
000180,성창기업지주,00133335
001430,세아베스틸,00106669
003030,세아제강지주,00124197
091090,세원이앤씨,00585219
033530,세종공업,00134510
134790,시디즈,00852087
004170,신세계,00136378
002030,아세아,00138701
025530,에스제이엠홀딩스,00181943
000670,영풍,00141307
002920,유성기업,00174004
007660,이수페타시스,00107613
093230,이아이디,00480950
008500,일정실업,00146542
015860,일진홀딩스,00146649
317400,자이에스앤디,00367844
348950,제이알글로벌리츠,01415892
010640,진양폴리우레탄,00160375
009310,참엔지니어링,00153621
377300,카카오페이,01244601
357120,코람코에너지리츠,01430475
192820,코스맥스,01009789
044820,코스맥스비티아이,00219574
039490,키움증권,00296290
091810,티웨이항공,00671376
004720,팜젠사이언스,00135050
028670,팬오션,00122737
090080,평화산업,00573579
047050,포스코인터내셔널,00124504
152550,한국ANKOR유전,00907013
123690,한국화장품,00823429
003350,한국화장품제조,00160621
014790,한라,00161116
042700,한미반도체,00161383
008930,한미사이언스,00161426
020000,한섬,00188089
105630,한세실업,00728638
025750,한솔홈데코,00203582
130660,한전산업,00194947
180640,한진칼,00983040
372910,한컴라이프케어,00534598
000370,한화손해보험,00135917
143210,핸즈코퍼레이션,00119140
012330,현대모비스,00164788
241590,화승엔터프라이즈,01128613
133820,화인베스틸,00661847
010660,화천기계,00166500
298020,효성티앤씨,01316227
093370,후성,00595191
081660,휠라홀딩스,00195229
005010,휴스틸,00156488
035760,CJ ENM,00265324
056730,CNT85,00318662
056000,COWON,00361266
367340,DB금융스팩8호,01505450
245620,EDGC,01182550
214270,FSN,01061497
130500,GH신소재,00491938
351340,IBKS제13호스팩,01440481
035900,JYP Ent.,00258689
024840,KBI메탈,00158024
114450,KPX생명과학,00532059
218410,RFHIC,01078178
327260,RF머트리얼즈,01343665
057030,YBM넷,00307222
024910,경창산업,00102353
049720,고려신용정보,00336297
348150,고바이오랩,01399071
038530,골드퍼시픽,00255105
029480,광무,00186452
026910,광진실업,00104120
066620,국보디자인,00253985
186230,그린플러스,00602279
035460,기산텔레콤,00258421
247660,나노씨엠에스,00660459
095660,네오위즈,00628860
033640,네패스,00227333
041140,넥슨지티,00266943
017650,대림제지,00109781
336570,대신밸런스제8호스팩,01407909
007680,대원,00111838
060900,대한그린파워,00367695
054670,대한뉴팜,00207375
077360,덕산하이메탈,00471068
090410,덕신하우징,00454937
100130,동국S&C,00415594
094170,동운아나텍,00695969
110990,디아이티,00576798
078590,디아크,00230814
109740,디에스케이,00530121
219550,디와이디,01089378
263020,디케이앤디,00892526
290550,디케이티,01137903
042510,라온시큐어,00255433
232680,라온테크,00911229
069540,라이트론,00367482
214260,라파스,01058101
039980,리노스,00369213
016100,리더스코스메틱,00180263
098120,마이크로컨텍솔,00568188
065650,메디프론,00391197
140410,메지온,00808022
348030,모비릭스,01210190
279600,미디어젠,01190124
095500,미래나노텍,00526836
353490,미래에셋대우스팩 5호,01450105
064520,바른전자,00370255
099430,바이오플러스,00636656
308080,바이젠셀,01335790
299910,베스파,01259056
100120,뷰웍스,00609324
090460,비에이치,00447609
335890,비올,01406618
082920,비츠로셀,00154718
054220,비츠로시스,00201432
042370,비츠로테크,00103644
065450,빅텍,00385363
380320,삼성머스트스팩5호,01534522
000250,삼천당제약,00128546
038070,서린바이오,00373447
006730,서부T&D,00130383
100660,서암기계공업,00166528
357550,석경에이티,00921916
039310,세중,00264671
252500,세화피앤씨,01169267
331920,셀레믹스,01114586
053110,소리바다,00352718
154040,솔루에타,00624518
050960,수산아이앤티,00577016
253840,수젠텍,01063954
099440,스맥,00580056
048870,시너지이노베이션,00475985
025870,신라에스지,00136004
215600,신라젠,00919966
323280,신영스팩5호,01366000
012790,신일제약,00137058
187270,신화콘텍,00925189
222800,심텍,01095722
037760,쎄니트,00239596
115530,씨엔플러스,00660033
096530,씨젠,00788773
060590,씨티씨바이오,00362292
058220,아리온,00441128
036010,아비코전자,00138598
054800,아이디스홀딩스,00359580
214430,아이쓰리시스템,00612489
185490,아이진,00945457
372800,아이티아이즈,01429840
196170,알테오젠,00989619
179530,애드바이오텍,01022902
050320,에스에이치엔엘,00245898
060540,에스에이티,00379229
214310,에스엘바이오닉스,00957568
007820,에스엠코어,00137915
096630,에스코넥,00573269
098660,에스티오,00612188
239610,에이치엘사이언스,01011438
353070,에이치엠씨제4호스팩,01447217
071670,에이테크솔루션,00384887
247540,에코프로비엠,01160363
173940,에프엔씨엔터,00925295
067570,엔브이에이치코리아,00146436
101400,엔시트론,00641393
265740,엔에프씨,01217829
348370,엔켐,01011526
037950,엘컴텍,00242712
058970,엠로,00396925
019590,엠벤처투자,00136642
009780,엠에스씨,00121154
115960,연우,00372253
090740,연이비앤티,00495554
014940,오리엔탈정공,00141608
080580,오킨스전자,00543107
122990,와이솔,00759294
067900,와이엔텍,00190756
066430,와이오엠,00370200
122870,와이지엔터테인먼트,00613318
046940,우원개발,00363246
065680,우주일렉트로,00390903
053580,웹케시,00323868
330350,위더스제약,00765851
299900,위지윅스튜디오,01276327
048430,유라테크,00201742
206650,유바이오로직스,00927558
388720,유일로보틱스,01152586
191410,육일씨엔에쓰,00843900
072770,율호,00583026
303530,이노뎁,01264872
095190,이엠코리아,00526951
211050,인카금융서비스,01013694
101930,인화정공,00482426
019540,일지테크,00146560
072520,제넨바이오,00408956
026040,제이에스티나,00120289
033050,제이엠아이,00222435
052670,제일바이오,00185505
199820,제일전기공업,00148470
078650,지나인제약,00477257
036180,지더블유바이텍,00257149
270520,지엔원에너지,01228515
018120,진로발효,00170877
261780,차백신연구소,01141599
066360,체리부로,00216434
221980,케이디켐,00370918
089150,케이씨티,00441447
032500,케이엠더블유,00226352
102370,케이옥션,00668600
256940,케이피에스,01037214
101670,코리아에스이,00527491
036690,코맥스,00268118
166480,코아스템,00989664
060280,큐렉소,00356802
040350,큐로컴,00346407
115180,큐리언트,01042650
016600,큐캐피탈,00267942
054780,키이스트,00353762
182690,테라셈,00411905
064760,티씨케이,00245472
340570,티앤엘,00608440
277880,티에스아이,01139035
131290,티에스이,00372226
321550,티움바이오,01335930
037070,파세코,00238153
106240,파인테크닉스,00755739
318010,팜스빌,00986898
054300,팬스타엔터프라이즈,00339072
119500,포메탈,00188797
234100,폴라리스세원,00617998
007330,푸른저축은행,00124805
023770,플레이위드,00138367
062970,피피아이,00403766
347770,핌스,01405390
363260,하나금융17호스팩,01493535
372290,하나머스트7호스팩,01513404
032300,한국파마,00187770
226440,한송네오텍,01101722
079170,한창산업,00202839
220180,핸디소프트,00793155
170030,현대공업,00164502
126640,화신정공,00825223
205470,휴마시스,01042979
115160,휴맥스,00787057
065510,휴비츠,00398668
010240,흥국,00167031
348840,데이드림엔터,01343735
285770,라이프사이언스테크놀로지,01187175
179720,렌딩머신,00978075
200580,메디쎄이,01018617
267060,명진홀딩스,01190513
208890,미래엔에듀파트너,00876209
322190,베른,01412938
258250,셀젠텍,01117918
185190,수프로,00830447
258540,스템랩,01109122
299670,에스엠비나,01203507
234070,에이원알폼,00614089
121060,유니포인트,00445869
344860,이노진,01419135
379390,이성씨엔아이,01365384
341310,이앤에치,01337017
066830,제노텍,00393618
180060,탑선,00874937
266870,파워풀엑스,01190780
079160,CJ CGV,00303873
000990,DB하이텍,00160843
375500,DL이앤씨,01524093
089470,HDC현대EP,00357935
082740,HSD엔진,00361008
001060,JW중외제약,00149947
093050,LF,00593032
005490,POSCO홀딩스,00155319
004060,SG세계물산,00133511
009160,SIMPAC,00138260
361610,SK아이이테크놀로지,01386916
064960,SNT모티브,00398792
002820,SUN&L,00132211
002710,TCC스틸,00117300
002900,TYM,00117230
000500,가온전선,00104768
214390,경보제약,00101664
002140,고려산업,00102751
017900,광전자,00152729
001260,남광토건,00107066
004270,남성,00172185
005720,넥센,00167192
023590,다우기술,00176914
019680,대교,00108913
001130,대한제분,00113243
003830,대한화섬,00113544
069460,대호에이엘,00428729
023450,동남합성,00115065
092780,동양피스톤,00117726
006040,동원산업,00118026
034020,두산중공업,00159616
210540,디와이파워,01059605
115390,락앤락,00561866
089860,롯데렌탈,00545716
330590,롯데리츠,01363818
009900,명신산업,00173078
009580,무림P&P,00119007
357250,미래에셋맵스리츠,01437292
002840,미원상사,00121932
003610,방림,00122348
006090,사조오양,00141875
000810,삼성화재해상보험,00139214
006110,삼아알미늄,00126779
002170,삼양통상,00127042
005680,삼영전자공업,00127200
005500,삼진제약,00128412
011230,삼화전자공업,00129280
075180,새론오토모티브,00305668
014910,성문전자,00132628
308170,센트랄모텍,00450010
248070,솔루엠,01159233
026890,스틱인베스트먼트,00117498
035510,신세계I&C,00219486
008700,아남전자,00138516
001780,알루코,00117027
023960,에쓰씨엔지니어링,00121969
015260,에이엔피,00143314
012160,영흥,00141477
002630,오리엔트바이오,00141626
001800,오리온홀딩스,00117577
011690,와이투솔루션,00144720
016880,웅진,00143651
005820,원림,00143794
077500,유니퀘스트,00414601
074610,이엔플러스,00469799
334890,이지스밸류플러스리츠,01394377
101140,인바이오젠,00652423
249420,일동제약,01168383
007110,일신석재,00146296
007570,일양약품,00146454
020150,일진머티리얼즈,00113997
044380,주연테크,00269241
013890,지누스,00150633
001620,케이비아이동국실업,00114765
053210,케이티스카이라이프,00349097
021240,코웨이,00170558
014580,태경비케이,00122481
004870,티웨이홀딩스,00109514
005690,파미셀,00145163
017810,풀무원,00155355
005810,풍산홀딩스,00155531
950210,프레스티지바이오파마,01510489
000140,하이트진로홀딩스,00148993
025540,한국단자공업,00157070
017960,한국카본,00159795
024720,한국콜마홀딩스,00203290
011500,한농화성,00160861
060980,한라홀딩스,00299002
128940,한미약품,00828497
051600,한전KPS,00159218
003530,한화투자증권,00148610
004310,현대약품,00164706
307950,현대오토에버,00362441
001450,현대해상,00164973
057050,현대홈쇼핑,00412597
002460,화성산업,00174527
058820,CMG제약,00380429
078150,HB테크놀러지,00255275
388790,IBKS제16호스팩,01569102
044180,KD,00111218
035600,KG이니시스,00264547
058400,KNN,00208134
053290,NE능률,00363927
060250,NHN한국사이버결제,00357740
019550,SBI인베스트먼트,00156910
255220,SG,00963976
340350,SK6호스팩,01414936
048550,SM C&C,00185046
053270,구영테크,00202060
053260,금강철강,00105475
051490,나라엠앤디,00297095
293580,나우IB,00651017
290660,네오펙트,01246034
330860,네패스아크,01368354
376930,노을,01494118
142280,녹십자엠에스,00513948
298870,다올인베스트먼트,00682992
068240,다원시스,00523307
020400,대동금속,00191287
008830,대동기어,00109310
004780,대륙제관,00109587
317850,대모,00450995
290670,대보마그네틱,01259418
027830,대성창투,00109037
120240,대정화금,00250997
140520,대창스틸,00112721
033500,동성화인텍,00231105
060380,동양에스텍,00178851
079960,동양이엔피,00178790
088910,동우팜투테이블,00228712
104460,디와이피엔에프,00602136
113810,디젠스,00576789
217500,러셀,01068348
228670,레이,00828761
267980,매일유업,01234507
072870,메가스터디,00422284
080420,모다이노칩,00480048
087260,모바일어플라이언스,00556615
201490,미투온,00965813
950190,미투젠,01416235
206640,바디텍메드,01046708
086820,바이오솔루션,00560982
014470,부방,00243067
251630,브이원텍,01027794
126340,비나텍,00563518
100090,삼강엠앤티,00480367
361670,삼영에스앤씨,00405506
263810,상신전자,00760999
178320,서진시스템,00838005
140070,서플러스글로벌,00599285
011370,서한,00131504
003100,선광,00131896
014620,성광벤드,00132318
081580,성우전자,00364306
053450,세코닉스,00351630
032680,소프트센,00204226
035610,솔본,00249982
276040,스코넥,01290248
159910,스킨앤스킨,00896753
138070,신진에스엠,00577380
243840,신흥에스이씨,00807379
036710,심텍홀딩스,00152127
049960,쎌바이오텍,00357430
297090,씨에스베어링,00765462
115480,씨유메디칼,00681249
074430,아미노로직스,00466428
149950,아바텍,00442048
143160,아이디스,00883980
052860,아이앤씨,00365758
038880,아이에이,00252269
084850,아이티엠반도체,00579980
059120,아진엑스텍,00404288
158430,아톤,00595182
067160,아프리카TV,00399694
065660,안트로젠,00631837
148250,알엔투테크놀로지,00915508
291650,압타머사이언스,01265251
900100,애머릿지,00781202
052790,액토즈소프트,00348034
092600,앤씨앤,00537337
121890,에스디시스템,00604815
101490,에스앤에스텍,00411048
041510,에스엠,00260930
039440,에스티아이,00298340
052020,에스티큐브,00273110
044780,에이치케이,00235183
054940,엑사이엔씨,00360577
236810,엔비티,01051065
031860,엔에스엔,00180865
396770,엔에이치스팩22호,01576713
156100,엘앤케이바이오,00918222
322310,오로스테크놀로지,01016479
010470,오리콤,00141671
352910,오비고,00494546
052420,오성첨단소재,00350048
032820,우리기술,00231044
041190,우리기술투자,00231664
153490,우리이앤엘,00815095
376980,원티드랩,01441611
101160,월덱스,00580065
076080,웰크론한텍,00487546
196700,웹스,00864338
900340,윙입푸드,01328639
036200,유니셈,00260569
336060,유안타제5호스팩,01408999
023410,유진기업,00184667
056080,유진로봇,00234227
215790,이노인스트루먼트,01065679
272290,이녹스첨단소재,01237540
041520,이라이콤,00137289
078020,이베스트투자증권,00330424
102710,이엔에프테크놀로지,00530185
091120,이엠텍,00541163
088290,이원컴포텍,00409140
092130,이크레더블,00634728
079950,인베니아,00409371
216050,인크로스,00819073
049070,인탑스,00226866
189300,인텔리안테크,00664181
175140,인포마크,00861997
016670,인피니티엔티,00125725
058450,일야,00146427
094820,일진파워,00485177
187420,제노포커스,00983916
123330,제닉,00624998
147830,제룡산업,00899556
054950,제이브이엠,00361381
137950,제이씨케미칼,00664853
126880,제이엔케이히터,00442154
229000,젠큐릭스,01051472
000440,중앙에너비스,00149770
314130,지놈앤컴퍼니,01276026
382800,지앤비에스엔지니어링,00958327
204840,지엘팜텍,01042359
109820,진매트릭스,00552992
004650,창해에탄올,00123523
900310,컬러레이,01236286
263700,케어랩스,01187148
272110,케이엔제이,00769158
083550,케이엠,00242934
064820,케이프,00152437
080530,코디,00308559
123410,코리아에프티,00803425
200130,콜마비앤에이치,01032404
096240,크레버스,00525882
036170,클라우드에어,00232821
219130,타이거일렉,00617314
134580,탑코미디어,00608699
095610,테스,00524421
108230,톱텍,00531917
199800,툴젠,00547510
057680,티사이언티픽,00372688
130740,티피씨글로벌,00578538
047310,파워로직스,00269612
222110,팬젠,00962922
331380,포커스에이치엔에스,01393721
053160,프리엠스,00352064
075130,플랜티넷,00490179
237750,피앤씨테크,00525864
400560,하나금융20호스팩,01583397
003380,하림지주,00148364
377400,하이제6호스팩,01526949
106190,하이텍팜,00409964
004590,한국가구,00156442
256840,한국비엔씨,01179617
101680,한국정밀기계,00257732
045100,한양이엔지,00216762
123840,한일진공,00809429
084990,헬릭스미스,00359395
138360,협진,00808068
050090,휘닉스소재,00369569
243070,휴온스,01159853
257990,나우코스,00425254
229500,노브메타파마,01065785
178600,대동고려삼,00910202
114920,대주이엔티,00414540
302920,더콘텐츠온,00991225
253610,루트락,01262023
206950,볼빅,00756163
148780,비플라이소프트,00980043
266170,뿌리깊은나무들,00990396
232830,시큐센,01113499
286000,씨엔티드림,01114559
140610,엔솔바이오사이언스,01018802
225860,엠앤씨생명과학,01116274
140660,위월드,00663289
216400,인바이츠바이오코아,00537221
240340,인터코스,01117592
233990,질경이,01063556
402420,켈스,01507722
215570,크로넥스,01034730
202960,판도라티비,00541862
150440,피노텍,00990262
001460,BYC,00122579
011150,CJ씨푸드,00129013
005830,DB손해보험,00159102
114090,GKL,00557508
001250,GS글로벌,00138190
039570,HDC랩스,00350312
294870,HDC현대산업개발,01310269
175330,JB금융지주,00980122
119650,KC코트렐,00797364
033180,KH 필룩스,00193009
003550,LG,00120021
000860,강남제비스코,00100939
012200,계양전기,00102618
017040,광명전기,00103662
083420,그린케미칼,00454946
214330,금호에이치티,00105606
004540,깨끗한나라,00113492
003580,넥스트사이언스,00169048
251270,넷마블,00904672
000320,노루홀딩스,00113508
000490,대동,00109286
084690,대상홀딩스,00539274
009320,대우부품,00111689
000300,대유플러스,00126089
015230,대창단조,00112679
016090,대현,00113614
000640,동아쏘시오홀딩스,00116824
163560,동일고무벨트,00939687
004890,동일산업,00172936
016740,두올,00119672
192650,드림텍,00415646
000400,롯데손해보험,00113562
023530,롯데쇼핑,00120526
280360,롯데제과,01258507
004990,롯데지주,00120562
009200,무림페이퍼,00136086
025560,미래산업,00197759
006800,미래에셋증권,00111722
107590,미원홀딩스,00706715
000890,보해양조,00123541
030790,비케이탑스,00273615
008040,사조동아원,00137252
006400,삼성SDI,00126362
028260,삼성물산,00149655
009150,삼성전기,00126371
001820,삼화콘덴서공업,00129350
041650,상신브레이크,00129642
017390,서울도시가스,00130684
004980,성신양회,00132804
004080,신흥,00173795
002790,아모레퍼시픽그룹,00154462
012170,아센디오,00145437
020560,아시아나항공,00138792
012750,에스원,00158501
326030,에스케이바이오팜,00878696
140910,에이리츠,00860730
003060,에이프로젠제약,00101044
244920,에이플러스에셋,00684802
380440,엔에이치스팩19호,01535257
006740,영풍제지,00141404
015360,예스코홀딩스,00105101
010050,우리종금,00104102
010400,우진아이엔에스,00143262
095720,웅진씽크빅,00628189
000700,유수홀딩스,00163691
072130,유엔젤,00416654
000220,유유제약,00144818
008730,율촌화학,00145260
350520,이지스레지던스리츠,01436628
000760,이화산업,00145686
023810,인팩,00180795
003200,일신방직,00146269
020760,일진디스플,00198697
271940,일진하이솔루스,00972503
226320,잇츠한불,00911955
000950,전방,00147222
089590,제주항공,00555874
018470,조일알미늄,00149239
185750,종근당,00992871
010580,지코,00147860
003780,진양산업,00150439
100250,진양홀딩스,00646732
011000,진원생명과학,00118521
002780,진흥기업,00150828
000650,천일고속,00151395
033250,체시스,00125576
006380,카프로,00159810
030200,케이티,00190321
033780,케이티앤지,00244455
015890,태경산업,00153339
055490,테이팩스,00256955
010770,평화홀딩스,00155124
058430,포스코스틸리온,00155258
103140,풍산,00684714
086790,하나금융지주,00547583
352820,하이브,01204056
036460,한국가스공사,00261285
010040,한국내화,00160205
002960,한국쉘석유,00158149
007280,한국특강,00124090
003680,한성기업,00161860
016450,한세예스24홀딩스,00161976
014130,한익스프레스,00129509
003300,한일홀딩스,00162993
005110,한창,00163716
005440,현대그린푸드,00105280
064350,현대로템,00302926
010620,현대미포조선,00164609
011210,현대위아,00106623
011760,현대코퍼레이션,00164812
227840,현대코퍼레이션홀딩스,01108099
010690,화신,00166315
003280,흥아해운,00167208
265520,AP시스템,01203808
211270,AP위성,00874803
032790,BNGT,00110884
950170,JTC,01041828
226360,KH E&T,01097906
111870,KH 일렉트론,00125965
091340,S&K폴리텍,00580667
036540,SFA반도체,00301246
049470,SGA,00351579
016250,SGC이테크건설,00141246
063440,SM Life Design,00367604
089230,THE E&M,00519252
161570,THE MIDONG,00945208
038340,UCI,00215976
215000,골프존,01067516
121440,골프존뉴딘홀딩스,00674498
355150,교보10호기업인수목적,01476219
900070,글로벌에스엠,00783246
036190,금화피에스시,00176516
089600,나스미디어,00486097
306620,네온테크,01325429
104620,노랑풍선,00632845
234690,녹십자웰빙,01135057
069140,누리플랜,00410997
093640,다믈멀티미디어,00536888
048470,대동스틸,00109268
387310,대신밸런스제10호스팩,01567520
078600,대주전자재료,00177816
263800,데이타솔루션,00877819
206560,덱스터,01021949
261200,덴티스,01187494
075970,동국알앤에스,00472890
109860,동일금속,00118284
025900,동화기업,00173032
030350,드래곤플라이,00230036
223250,드림씨아이에스,00916826
376300,디어유,01456011
196490,디에이테크놀로지,00660121
197140,디지캡,00681373
187220,디티앤씨,00675594
317120,라닉스,01327092
171120,라이온켐텍,00317104
347700,라이프시맨틱스,01336762
108490,로보티즈,00946030
071280,로체시스템즈,00363486
085370,루트로닉,00549925
060240,룽투코리아,00373571
058470,리노공업,00369657
377450,리파인,01210066
195500,마니커에프앤지,00770312
305090,마이크로디지탈,01267967
093520,매커스,00596677
377030,맥스트,01409095
041920,메디아나,00273439
241770,메카로,00652007
257370,명성티엔에스,01144569
100030,모바일리더,00641171
218150,미래생명자원,01071944
018700,바른손,00122205
046310,백금T&A,00360036
066410,버킷스튜디오,00378220
006910,보성파워텍,00267881
044480,블루베리 NFT,00173449
148140,비디아이,00610490
318410,비비씨,01153105
200780,비씨월드제약,00256043
141000,비아트론,00610083
093190,빅솔론,00478900
072950,빛샘전자,00359261
065570,삼영이엔씨,00288343
294630,서남,00867973
035890,서희건설,00219848
053060,세동,00133663
340440,세림B&G,01416572
024830,세원물산,00173591
067770,세진티에스,00406727
299660,셀리드,01235296
068760,셀트리온제약,00541349
036830,솔브레인홀딩스,00247975
304100,솔트룩스,01050738
086980,쇼박스,00303794
317770,슈프리마아이디,01231786
049830,승일,00135467
002800,신신제약,00136448
017000,신원종합개발,00136925
208640,썸에이지,01049422
050890,쏠리드,00364403
025980,아난티,00161781
083930,아바코,00442145
067390,아스트,00409681
175250,아이큐어,00554352
119830,아이텍,00626011
114840,아이패밀리에스씨,00692254
297570,알로이스,01309795
260660,알리코제약,00447007
129890,앱코,01207716
255440,야스,00875307
030960,양지사,00139685
136510,에디슨EV,00763358
038680,에스넷,00264635
042110,에스씨디,00171867
275630,에스에스알,01250374
109610,에스와이,00535481
408920,에스케이증권7호스팩,01596656
069510,에스텍,00306719
050760,에스폴리텍,00340272
288620,에스퓨얼셀,01257872
317830,에스피시스템스,00624749
203400,에이비온,00977377
312610,에이에프더블류,01223219
072990,에이치시티,00527464
357230,에이치피오,01068737
230980,에이트원,01110076
383310,에코프로에이치엔,01566248
038110,에코플라스틱,00139153
391710,엔에이치스팩21호,01573284
354200,엔젠바이오,01397903
291230,엔피,01276901
048830,엔피케이,00108490
066970,엘앤에프,00398701
170920,엘티씨,00866062
143540,영우디에스피,00569646
250930,예선테크,01166109
039830,오로라,00141556
065500,오리엔트정공,00300405
053980,오상자이엘,00226547
039200,오스코텍,00263654
173130,오파스넷,00867849
226950,올릭스,01113718
057540,옴니시스템,00265005
273640,와이엠텍,01215618
046970,우리로,00296005
215360,우리산업,01077577
215380,우정바이오,01065013
018620,우진비앤지,00103547
307280,원바이오젠,01326224
032940,원익,00210980
104830,원익머트리얼즈,00623661
014190,원익큐브,00128175
131390,원익피앤이,00785475
008290,원풍물산,00144021
038620,위즈코프,00264228
097800,윈팩,00536286
032620,유비케어,00220057
056090,유앤아이,00346610
302430,이노메트리,01258710
246960,이노테라피,01110182
164060,이루다,01142400
131400,이브이첨단소재,00533924
067010,이씨에스,00400060
039030,이오테크닉스,00246417
377330,이지트로닉스,01140837
035810,이지홀딩스,00242378
352940,인바이오,00367871
119610,인터로조,00604426
051370,인터플렉스,00369170
043910,자연과환경,00418379
095700,제넥신,00545929
090470,제이스텍,00493185
204270,제이앤티씨,00447575
216080,제테마,01222867
228760,지노믹트리,01108248
144510,지씨셀,01010642
051160,지어소프트,00389110
053050,지에스이,00351995
007370,진양제약,00150536
085660,차바이오텍,00525679
158310,참존글로벌,00923899
284620,카이노스메드,01263527
039420,케이엘넷,00246620
225430,케이엠제약,01095704
036030,케이티알파,00260958
089010,켐트로닉스,00371485
104540,코렌텍,00541437
027050,코리아나,00152589
183300,코미코,00997812
950160,코오롱티슈진,01245062
015710,코콤,00187725
317690,퀀타매트릭스,01311286
066310,큐에스아이,00411446
083790,크리스탈지노믹스,00407814
054450,텔레칩스,00423177
091440,텔레필드,00560122
322180,티라유텍,01309388
081150,티플랙스,00497631
058530,파나케이아,00353018
037030,파워넷,00231354
170790,파이오링크,00492353
049120,파인디앤씨,00350020
009520,포스코엠텍,00128111
189690,포시에스,00939942
094940,푸른기술,00537832
035200,프럼파스트,00356389
334970,프레스티지바이오로직스,01258428
300080,플리토,01237434
299030,하나기술,00601191
013030,하이록코리아,00165060
126700,하이비젼시스템,00825959
373200,하인크코리아,01514698
066130,하츠,00221728
034950,한국기업평가,00156956
063570,한국전자금융,00363769
039740,한국정보공학,00261957
053590,한국테크놀로지,00355548
037230,한국팩키지,00198192
052600,한네트,00244783
092460,한라IMS,00528515
042520,한스바이오메드,00349060
054920,한컴위드,00363592
002680,한탑,00140566
016790,현대사료,00164618
060560,홈센타홀딩스,00288495
028080,휴맥스홀딩스,00219440
238490,힘스,00556712
288490,나라소프트,01267550
176750,듀켐바이오,00867034
199290,바이오프로테크,00669450
224810,엄지하우스,00607797
224020,에스케이씨에스,00878517
207490,에이펙스인텍,00832700
329020,오션스톤,01388631
216280,원텍,00311270
122830,원포유,00337296
232530,이엠티,00925967
299480,지앤이헬스케어,01188749
318660,타임기술,01345724
393210,토마토시스템,01436479
217880,틸론,00976615
222670,플럼라인생명과학,01063237
331660,한국미라클피플사,01363924
212310,휴벡셀,01085442
